{
  "client": "./client",
  "svr": "./server",
  "miniprogramRoot": "client/",
  "qcloudRoot": "server/",
  "appid": "wx6b3c93505c5f4d2c",
  "setting": {
    "es6": false,
    "postcss": false,
    "compileWorklet": false,
    "minified": false,
    "uglifyFileName": false,
    "uploadWithSourceMap": true,
    "enhance": false,
    "packNpmManually": false,
    "packNpmRelationList": [],
    "minifyWXSS": true,
    "minifyWXML": true,
    "localPlugins": false,
    "disableUseStrict": false,
    "useCompilerPlugins": false,
    "condition": false,
    "swc": false,
    "disableSWC": true,
    "babelSetting": {
      "ignore": [],
      "disablePlugins": [],
      "outputPath": ""
    }
  },
  "compileType": "miniprogram",
  "simulatorPluginLibVersion": {},
  "packOptions": {
    "ignore": [],
    "include": []
  },
  "editorSetting": {}
}